"name","url","hash","last_checked","last_changed"
"IIT Jammu","https://iitjammu.ac.in/faculty-search-cum-selection","4504ab1b110de9b88307b5a6cb2b9b18","2026-10-06 19:58:26.882884","2026-09-13 11:40:15.776471"
"IIT Dharwad","https://www.iitdh.ac.in/faculty-recruitment","0d956eb3a57e0eaba46229b15ab2b5e9","2026-10-06 19:58:30.227636","2026-09-29 12:06:15.76774"
"IIT (ISM) Dhanbad","https://www.iitism.ac.in/faculty-positions","a321a3affb890fe395d5a8f9d4032875","2026-10-06 19:58:33.2414","2026-10-06 19:58:33.241518"
"IIT Tirupati","https://www.iittp.ac.in/facultyrecruitment","e770f8e9bf6f8873e71a58fb35b30c92","2026-10-06 19:58:35.34736","2026-09-13 11:40:30.242269"
"IIT Palakkad","https://facap.iitpkd.ac.in/","b872c65755dfd4f1f6b6ad631844dbfb","2026-10-06 19:58:38.312601","2026-09-21 11:57:02.495576"
"IIT Mandi","https://iitmandi.ac.in/recruitments/teaching","675d23bb2d28cf5bd7b0d0839e752f12","2026-10-06 19:58:40.634677","2026-09-22 10:57:56.974895"
"IIT Indore","https://www3.iiti.ac.in/recruitments/faculty-positions","8195d06fe44de2f901e1577e7003f0bc","2026-10-06 19:58:43.064325","2026-09-13 11:40:37.948577"
"IIT Ropar","https://www.iitrpr.ac.in/faculty-positions","e70b41d9e970a893d15be483b9df0c30","2026-10-06 19:58:46.034223","2026-09-13 11:40:40.615794"
"IIT Patna","https://www.iitp.ac.in/notices","e324761693a220908732a6a4cb291db3","2026-10-06 19:58:49.229598","2026-09-13 11:40:43.690485"
"IIT Hyderabad","https://iith.ac.in/careers/","3636ba4cbd2b746acbc923d2f6116280","2026-10-06 19:58:53.174728","2026-10-06 19:58:53.174835"
"IIT Bhubaneswar","https://www.iitbbs.ac.in/index.php/faculty-affairs/faculty-recruitment/","688e9767df5c9827a1af9bf3b7586395","2026-10-06 19:58:59.715447","2026-10-05 13:34:05.646177"
"IIT Roorkee","https://iitr.ac.in/Careers/Faculty%20Positions/index.html","5a4595f915ce05db79a9431a44915582","2026-10-06 19:59:02.528836","2026-09-13 11:40:54.455423"
"IIT Guwahati","https://iitg.ac.in/iitg_page_details?page=61/fac_rec","d8b92e3960669b0b44e51766c4445740","2026-10-06 19:59:05.279314","2026-09-13 11:40:57.28458"
"IIT Delhi","https://home.iitd.ac.in/jobs-iitd/index.php","26213d6e3f870bbf202d162f4afc58fd","2026-10-06 19:59:08.317299","2026-10-06 12:44:37.515323"
"IIT Kanpur","https://iitk.ac.in/eco/faculty-recruitment","80b2884f084eb9f78a8496706021ad91","2026-10-06 19:59:11.970452","2026-09-13 11:41:02.661101"
"IIT Madras","https://facapp.iitm.ac.in/","124ac251b25b6330cb81777bf12650e5","2026-10-06 19:59:14.794967","2026-10-06 19:59:14.795086"
"IIT Kharagpur","https://erp.iitkgp.ac.in/Jobs/auth/facapps.htm","b288f2a575f68032b31c2bce1f6c636d","2026-10-06 19:59:17.28686","2026-09-13 11:41:07.750533"
"IIT Goa","https://iitgoa.ac.in/faculty-position/","ff4f638aa91305043af32fa752ab3694","2026-10-06 19:58:24.72166","2026-09-13 12:11:32.236889"
"Testing","https://en.wikipedia.org/wiki/Special:RecentChanges?hidebots=1&hidecategorization=1&hideWikibase=1&limit=50&days=1&urlversion=2","5265b485bff0f0a8a96fc2d0becc1384","2026-10-06 19:59:18.817238","2026-10-06 19:59:18.817335"
